[
{
    "fields": {
        "root_page": 3,
        "hostname": "localhost",
        "site_name": "(Un)usual Business",
        "port": 80,
        "is_default_site": true
    },
    "model": "wagtailcore.site",
    "pk": 1
},
{
    "fields": {
        "name": "One",
        "slug": "one"
    },
    "model": "taggit.tag",
    "pk": 1
},
{
    "fields": {
        "name": "Two",
        "slug": "two"
    },
    "model": "taggit.tag",
    "pk": 2
},
{
    "fields": {
        "name": "Three",
        "slug": "three"
    },
    "model": "taggit.tag",
    "pk": 3
},
{
    "fields": {
        "name": "Four",
        "slug": "four"
    },
    "model": "taggit.tag",
    "pk": 4
},
{
    "fields": {
        "name": "Five",
        "slug": "five"
    },
    "model": "taggit.tag",
    "pk": 5
},
{
    "fields": {
        "name": "Seven",
        "slug": "seven"
    },
    "model": "taggit.tag",
    "pk": 6
},
{
    "fields": {
        "name": "Six",
        "slug": "six"
    },
    "model": "taggit.tag",
    "pk": 7
},
{
    "fields": {
        "name": "Eight",
        "slug": "eight"
    },
    "model": "taggit.tag",
    "pk": 8
},
{
    "fields": {
        "name": "Nine",
        "slug": "nine"
    },
    "model": "taggit.tag",
    "pk": 9
},
{
    "fields": {
        "name": "Moderators",
        "permissions": [
            [
                "access_admin",
                "wagtailadmin",
                "admin"
            ],
            [
                "add_document",
                "wagtaildocs",
                "document"
            ],
            [
                "add_link",
                "wagtaildocs",
                "document"
            ],
            [
                "change_document",
                "wagtaildocs",
                "document"
            ],
            [
                "change_link",
                "wagtaildocs",
                "document"
            ],
            [
                "delete_document",
                "wagtaildocs",
                "document"
            ],
            [
                "delete_link",
                "wagtaildocs",
                "document"
            ],
            [
                "add_image",
                "wagtailimages",
                "image"
            ],
            [
                "change_image",
                "wagtailimages",
                "image"
            ],
            [
                "delete_image",
                "wagtailimages",
                "image"
            ]
        ]
    },
    "model": "auth.group",
    "pk": 1
},
{
    "fields": {
        "name": "Editors",
        "permissions": [
            [
                "access_admin",
                "wagtailadmin",
                "admin"
            ],
            [
                "add_document",
                "wagtaildocs",
                "document"
            ],
            [
                "add_link",
                "wagtaildocs",
                "document"
            ],
            [
                "change_document",
                "wagtaildocs",
                "document"
            ],
            [
                "change_link",
                "wagtaildocs",
                "document"
            ],
            [
                "delete_document",
                "wagtaildocs",
                "document"
            ],
            [
                "delete_link",
                "wagtaildocs",
                "document"
            ],
            [
                "add_image",
                "wagtailimages",
                "image"
            ],
            [
                "change_image",
                "wagtailimages",
                "image"
            ],
            [
                "delete_image",
                "wagtailimages",
                "image"
            ]
        ]
    },
    "model": "auth.group",
    "pk": 2
},
{
    "fields": {
        "username": "admin",
        "first_name": "",
        "last_name": "",
        "is_active": true,
        "is_superuser": true,
        "is_staff": true,
        "last_login": "2016-01-07T19:31:05.483Z",
        "groups": [],
        "user_permissions": [],
        "password": "pbkdf2_sha256$20000$0MSHw1K1xkGF$t98imFCnAGW38igwhxgt6V8mu4rdTpZLSqfjkwI/2is=",
        "email": "asdf@adf.com",
        "date_joined": "2016-01-07T19:31:00.416Z"
    },
    "model": "auth.user",
    "pk": 1
},
{
    "fields": {
        "url_path_en": "/home/",
        "search_description_nl": "",
        "slug_en": "home",
        "seo_title_nl": "",
        "title_nl": "Thuis",
        "title_en": "Home",
        "search_description_en": "",
        "url_path_nl": "/thuis/",
        "seo_title_en": "",
        "slug_nl": "thuis"
    },
    "model": "home.homepage",
    "pk": 3
},
{
    "fields": {
        "url_path_en": "/home/how-to/how-live-together/",
        "search_description_nl": "",
        "slug_en": "how-live-together",
        "seo_title_nl": "",
        "title_nl": "Hoe samen te leven",
        "title_en": "How to live together",
        "description_en": "<p>How to live together</p>",
        "description_nl": "<p>Hoe samen te leven</p>",
        "search_description_en": "",
        "url_path_nl": "/thuis/how-to/hoe-samen-te-leven/",
        "seo_title_en": "",
        "slug_nl": "hoe-samen-te-leven",
        "featured_image": null,
        "description": "<p>How to live together</p>"
    },
    "model": "howtos.howtopage",
    "pk": 10
},
{
    "fields": {
        "article": 15,
        "sort_order": 0,
        "how_to_page": 10
    },
    "model": "howtos.howtopagestoryarticlepage",
    "pk": 1
},
{
    "fields": {
        "article": 14,
        "sort_order": 0,
        "how_to_page": 10
    },
    "model": "howtos.howtopagetheoryarticlepage",
    "pk": 1
},
{
    "fields": {
        "sort_order": 0,
        "event": 12,
        "how_to_page": 10
    },
    "model": "howtos.howtopageeventpage",
    "pk": 1
},
{
    "fields": {
        "url_path_en": "/home/how-to/",
        "search_description_nl": "",
        "slug_en": "how-to",
        "seo_title_nl": "",
        "title_nl": "How to's",
        "title_en": "How to's",
        "search_description_en": "",
        "url_path_nl": "/thuis/how-to/",
        "seo_title_en": "",
        "slug_nl": "how-to"
    },
    "model": "howtos.howtoindexpage",
    "pk": 9
},
{
    "fields": {
        "url_path_en": "/home/organizations/unusual-business/",
        "search_description_nl": "",
        "slug_en": "unusual-business",
        "seo_title_nl": "",
        "location": "Oudegracht, Utrecht",
        "title_nl": "(Un)usual Business",
        "title_en": "(Un)usual Business",
        "date_founded": "2013-11-01",
        "description_en": "<p>(Un)usual Business</p>",
        "email": "info@unusualbusiness.nl",
        "website": "http://www.unusualbusiness.nl",
        "description_nl": "<p>(Un)usual Business</p>",
        "search_description_en": "",
        "url_path_nl": "/thuis/organisaties/unusual-business/",
        "facebook": "https://www.facebook.com/unusualbusinessutrecht/",
        "amount_of_members": null,
        "seo_title_en": "",
        "slug_nl": "unusual-business",
        "featured_image": null,
        "description": "<p>(Un)usual Business</p>"
    },
    "model": "organizations.organizationpage",
    "pk": 11
},
{
    "fields": {
        "url_path_en": "/home/organizations/",
        "search_description_nl": "",
        "slug_en": "organizations",
        "seo_title_nl": "",
        "title_nl": "Organisaties",
        "title_en": "Organizations",
        "search_description_en": "",
        "url_path_nl": "/thuis/organisaties/",
        "seo_title_en": "",
        "slug_nl": "organisaties"
    },
    "model": "organizations.organizationindexpage",
    "pk": 6
},
{
    "fields": {
        "url_path_en": "/home/theory/",
        "search_description_nl": "",
        "slug_en": "theory",
        "seo_title_nl": "",
        "title_nl": "Theorie",
        "title_en": "Theory",
        "search_description_en": "",
        "url_path_nl": "/thuis/theorie/",
        "seo_title_en": "",
        "slug_nl": "theorie"
    },
    "model": "articles.theoryarticleindexpage",
    "pk": 8
},
{
    "fields": {
        "url_path_en": "/home/stories/",
        "search_description_nl": "",
        "slug_en": "stories",
        "seo_title_nl": "",
        "title_nl": "Verhalen",
        "title_en": "Stories",
        "search_description_en": "",
        "url_path_nl": "/thuis/verhalen/",
        "seo_title_en": "",
        "slug_nl": "verhalen"
    },
    "model": "articles.storyarticleindexpage",
    "pk": 7
},
{
    "fields": {
        "subtitle": "",
        "seo_title_nl": "",
        "featured_image": null,
        "subtitle_en": "",
        "slug_nl": "we-probeerden-samen-te-leven-met-acht-mensen-maar-het-mislukte",
        "url_path_en": "/home/stories/we-tried-live-together-eight-people-failed/",
        "slug_en": "we-tried-live-together-eight-people-failed",
        "author": "Woonkollektief",
        "title_nl": "We probeerden samen te leven met acht mensen maar het mislukte",
        "search_description_en": "",
        "subtitle_nl": "",
        "body_en": "",
        "body": "",
        "title_en": "We tried to live together with eight people but failed",
        "summary_en": "",
        "seo_title_en": "",
        "publication_date": "2016-01-13",
        "search_description_nl": "",
        "body_nl": "",
        "summary": "Het ging niet goed want we waren niet aardig tegen elkaar",
        "url_path_nl": "/thuis/verhalen/we-probeerden-samen-te-leven-met-acht-mensen-maar-het-mislukte/",
        "summary_nl": "Het ging niet goed want we waren niet aardig tegen elkaar"
    },
    "model": "articles.storyarticlepage",
    "pk": 15
},
{
    "fields": {
        "organization_page": 11,
        "sort_order": 0,
        "story_article_page": 15
    },
    "model": "articles.storyarticlepageorganization",
    "pk": 1
},
{
    "fields": {
        "subtitle": "",
        "seo_title_nl": "",
        "featured_image": null,
        "subtitle_en": "",
        "slug_nl": "algemene-relativiteitstheorie",
        "url_path_en": "/home/theory/general-relativity/",
        "slug_en": "general-relativity",
        "author": "Albert Einstein",
        "title_nl": "Algemene relativiteitstheorie",
        "search_description_en": "",
        "subtitle_nl": "",
        "body_en": "<p><b>General relativity</b>\u00a0(<b>GR</b>, also known as the\u00a0<b>general theory of relativity</b>\u00a0or\u00a0<b>GTR</b>) is the\u00a0<a href=\"https://en.wikipedia.org/wiki/Differential_geometry\">geometric</a>\u00a0<a href=\"https://en.wikipedia.org/wiki/Theoretical_physics\">theory</a>\u00a0of\u00a0<a href=\"https://en.wikipedia.org/wiki/Gravitation\">gravitation</a>\u00a0published by\u00a0<a href=\"https://en.wikipedia.org/wiki/Albert_Einstein\">Albert Einstein</a>\u00a0in 1915<sup><a href=\"https://en.wikipedia.org/wiki/General_relativity#cite_note-1\">[1]</a></sup>\u00a0and the current description of gravitation in\u00a0<a href=\"https://en.wikipedia.org/wiki/Modern_physics\">modern physics</a>. General relativity generalizes\u00a0<a href=\"https://en.wikipedia.org/wiki/Special_relativity\">special relativity</a>\u00a0and\u00a0<a href=\"https://en.wikipedia.org/wiki/Newton%27s_law_of_universal_gravitation\">Newton's law of universal gravitation</a>, providing a unified description of gravity as a geometric property of<a href=\"https://en.wikipedia.org/wiki/Space\">space</a>\u00a0and\u00a0<a href=\"https://en.wikipedia.org/wiki/Time_in_physics\">time</a>, or\u00a0<a href=\"https://en.wikipedia.org/wiki/Spacetime\">spacetime</a>. In particular, the\u00a0<a href=\"https://en.wikipedia.org/wiki/Curvature\">curvature</a>\u00a0of spacetime is directly related to the\u00a0<a href=\"https://en.wikipedia.org/wiki/Energy\">energy</a>\u00a0and\u00a0<a href=\"https://en.wikipedia.org/wiki/Momentum\">momentum</a>\u00a0of whatever\u00a0<a href=\"https://en.wikipedia.org/wiki/Matter\">matter</a>\u00a0and\u00a0<a href=\"https://en.wikipedia.org/wiki/Radiation\">radiation</a>\u00a0are present. The relation is specified by the\u00a0<a href=\"https://en.wikipedia.org/wiki/Einstein_field_equations\">Einstein field equations</a>, a system of\u00a0<a href=\"https://en.wikipedia.org/wiki/Partial_differential_equation\">partial differential equations</a>.</p>",
        "body": "<p><b>General relativity</b>\u00a0(<b>GR</b>, also known as the\u00a0<b>general theory of relativity</b>\u00a0or\u00a0<b>GTR</b>) is the\u00a0<a href=\"https://en.wikipedia.org/wiki/Differential_geometry\">geometric</a>\u00a0<a href=\"https://en.wikipedia.org/wiki/Theoretical_physics\">theory</a>\u00a0of\u00a0<a href=\"https://en.wikipedia.org/wiki/Gravitation\">gravitation</a>\u00a0published by\u00a0<a href=\"https://en.wikipedia.org/wiki/Albert_Einstein\">Albert Einstein</a>\u00a0in 1915<sup><a href=\"https://en.wikipedia.org/wiki/General_relativity#cite_note-1\">[1]</a></sup>\u00a0and the current description of gravitation in\u00a0<a href=\"https://en.wikipedia.org/wiki/Modern_physics\">modern physics</a>. General relativity generalizes\u00a0<a href=\"https://en.wikipedia.org/wiki/Special_relativity\">special relativity</a>\u00a0and\u00a0<a href=\"https://en.wikipedia.org/wiki/Newton%27s_law_of_universal_gravitation\">Newton's law of universal gravitation</a>, providing a unified description of gravity as a geometric property of<a href=\"https://en.wikipedia.org/wiki/Space\">space</a>\u00a0and\u00a0<a href=\"https://en.wikipedia.org/wiki/Time_in_physics\">time</a>, or\u00a0<a href=\"https://en.wikipedia.org/wiki/Spacetime\">spacetime</a>. In particular, the\u00a0<a href=\"https://en.wikipedia.org/wiki/Curvature\">curvature</a>\u00a0of spacetime is directly related to the\u00a0<a href=\"https://en.wikipedia.org/wiki/Energy\">energy</a>\u00a0and\u00a0<a href=\"https://en.wikipedia.org/wiki/Momentum\">momentum</a>\u00a0of whatever\u00a0<a href=\"https://en.wikipedia.org/wiki/Matter\">matter</a>\u00a0and\u00a0<a href=\"https://en.wikipedia.org/wiki/Radiation\">radiation</a>\u00a0are present. The relation is specified by the\u00a0<a href=\"https://en.wikipedia.org/wiki/Einstein_field_equations\">Einstein field equations</a>, a system of\u00a0<a href=\"https://en.wikipedia.org/wiki/Partial_differential_equation\">partial differential equations</a>.</p>",
        "title_en": "General Relativity",
        "summary_en": "",
        "seo_title_en": "",
        "publication_date": "2016-01-13",
        "search_description_nl": "",
        "body_nl": "<p>De algemene relativiteitstheorie veralgemeent de\u00a0<a href=\"https://nl.wikipedia.org/wiki/Speciale_relativiteitstheorie\">speciale relativiteitstheorie</a>\u00a0en de\u00a0<a href=\"https://nl.wikipedia.org/wiki/Gravitatiewet_van_Newton\">gravitatiewet van Newton</a>. Zij geeft een verenigde beschrijving van de zwaartekracht als een meetkundige eigenschap van\u00a0<a href=\"https://nl.wikipedia.org/wiki/Ruimte_(natuurkunde)\">ruimte</a>\u00a0en\u00a0<a href=\"https://nl.wikipedia.org/wiki/Tijd\">tijd</a>\u00a0(ook wel<a href=\"https://nl.wikipedia.org/wiki/Ruimtetijd\">ruimtetijd</a>). In het bijzonder houdt de\u00a0<a href=\"https://nl.wikipedia.org/wiki/Krommingstensor_van_Riemann\">kromming</a>\u00a0van de ruimtetijd direct verband met de\u00a0<a href=\"https://nl.wikipedia.org/wiki/Vierimpuls\">vier-impuls</a>\u00a0(<a href=\"https://nl.wikipedia.org/wiki/Massa-energierelatie\">massa-energie</a>\u00a0en lineaire\u00a0<a href=\"https://nl.wikipedia.org/wiki/Impuls_(natuurkunde)\">impuls</a>) van de aanwezige\u00a0<a href=\"https://nl.wikipedia.org/wiki/Materie\">materie</a>\u00a0en\u00a0<a href=\"https://nl.wikipedia.org/wiki/Straling\">straling</a>. De relatie wordt gespecificeerd door de\u00a0<a href=\"https://nl.wikipedia.org/wiki/Einstein-vergelijking\">Einstein-veldvergelijkingen</a>, een systeem van\u00a0<a href=\"https://nl.wikipedia.org/wiki/Parti%C3%ABle_differentiaalvergelijking\">parti\u00eble differentiaalvergelijkingen</a>.</p>",
        "summary": "",
        "url_path_nl": "/thuis/theorie/algemene-relativiteitstheorie/",
        "summary_nl": ""
    },
    "model": "articles.theoryarticlepage",
    "pk": 14
},
{
    "fields": {
        "subtitle": "",
        "seo_title_nl": "",
        "featured_image": null,
        "subtitle_en": "",
        "slug_nl": "hoe-samen-te-leven-was-een-fantastische-event",
        "url_path_en": "/home/events/how-live-together/how-live-together-was-great-event/",
        "slug_en": "how-live-together-was-great-event",
        "author": "Jeremy",
        "title_nl": "Hoe samen te leven was een fantastische event",
        "search_description_en": "",
        "subtitle_nl": "",
        "body_en": "",
        "body": "",
        "title_en": "How to live together was a great event",
        "summary_en": "",
        "seo_title_en": "",
        "publication_date": "2016-01-13",
        "search_description_nl": "",
        "body_nl": "",
        "summary": "",
        "url_path_nl": "/thuis/events/how-live-together/hoe-samen-te-leven-was-een-fantastische-event/",
        "summary_nl": "",
        "event_page": 12
    },
    "model": "articles.reportarticlepage",
    "pk": 16
},
{
    "fields": {
        "url_path_en": "/home/events/how-live-together/",
        "search_description_nl": "",
        "slug_en": "how-live-together",
        "flyer_link": "",
        "seo_title_nl": "",
        "end_date": null,
        "poster_link": "",
        "title_nl": "How to live together",
        "title_en": "How to live together",
        "description_en": null,
        "start_date": "2016-01-12T13:57:00Z",
        "description_nl": "Deze avond staat in het teken van een ontmoeting met \nverschillende Utrechtse wooninitiatieven die zich ieder op hun eigen \nmanier bezig houden met alternatieve vormen van wonen. Wat doen ze \nprecies, hoe doen ze dat en waarom zijn ze dat zo gaan doen?<br/> <br/> \nKom langs om samen met ervaringsdeskundigen kennis en idee\u00ebn uit te \nwisselen over hoe een sterke, lokale woongemeenschap in Utrecht eruit \nzou kunnen zien.<br/> <br/> Deze bijeenkomst is onderdeel van de serie How\n To Get Together, een serie ontmoetingen georganiseerd door (Un)usual \nBusiness waarbij verschillende collectieve initiatieven in diverse \nmaatschappelijke velden aan bod komen. Zo zal deze keer 'wonen' centraal\n staan, en vorige keren keken we naar 'zorg' en 'voedsel'.<br/> <br/><p>\n De serie sluiten we af met een symposium in voorjaar 2016, voor alle \nbetrokken initiatieven en ge\u00efnteresseerden. Hierin gaan we dieper in op \noverkoepelende thema's die bij veel initiatieven leven (zoals \nbesluitvorming, organisatie van de groep, werken met vrijwilligers en \nfinanci\u00ebn). Door middel van kritische lezingen en verschillende \nthematische workshops werken we aan de ondersteuning van \ngemeenschapseconomie\u00ebn.</p>",
        "search_description_en": "",
        "url_path_nl": "/thuis/events/how-live-together/",
        "location": "Casco, Utrecht",
        "seo_title_en": "",
        "facebook_event": "https://www.facebook.com/events/1545893719066311/",
        "slug_nl": "how-live-together",
        "featured_image": null,
        "description": "Deze avond staat in het teken van een ontmoeting met \nverschillende Utrechtse wooninitiatieven die zich ieder op hun eigen \nmanier bezig houden met alternatieve vormen van wonen. Wat doen ze \nprecies, hoe doen ze dat en waarom zijn ze dat zo gaan doen?<br/> <br/> \nKom langs om samen met ervaringsdeskundigen kennis en idee\u00ebn uit te \nwisselen over hoe een sterke, lokale woongemeenschap in Utrecht eruit \nzou kunnen zien.<br/> <br/> Deze bijeenkomst is onderdeel van de serie How\n To Get Together, een serie ontmoetingen georganiseerd door (Un)usual \nBusiness waarbij verschillende collectieve initiatieven in diverse \nmaatschappelijke velden aan bod komen. Zo zal deze keer 'wonen' centraal\n staan, en vorige keren keken we naar 'zorg' en 'voedsel'.<br/> <br/><p>\n De serie sluiten we af met een symposium in voorjaar 2016, voor alle \nbetrokken initiatieven en ge\u00efnteresseerden. Hierin gaan we dieper in op \noverkoepelende thema's die bij veel initiatieven leven (zoals \nbesluitvorming, organisatie van de groep, werken met vrijwilligers en \nfinanci\u00ebn). Door middel van kritische lezingen en verschillende \nthematische workshops werken we aan de ondersteuning van \ngemeenschapseconomie\u00ebn.</p>"
    },
    "model": "events.eventpage",
    "pk": 12
},
{
    "fields": {
        "url_path_en": "/home/events/",
        "search_description_nl": "",
        "slug_en": "events",
        "seo_title_nl": "",
        "title_nl": "Events",
        "title_en": "Events",
        "search_description_en": "",
        "url_path_nl": "/thuis/events/",
        "seo_title_en": "",
        "slug_nl": "events"
    },
    "model": "events.eventindexpage",
    "pk": 5
},
{
    "fields": {
        "url_path_en": "/home/definitions/gentrification/",
        "search_description_nl": "",
        "slug_en": "gentrification",
        "seo_title_nl": "",
        "definition": "Gentrification is a trend in urban neighborhoods, which results in increased property values and the displacing of lower-income families and small businesses.",
        "title_nl": "Gentrificatie",
        "title_en": "Gentrification",
        "definition_nl": "Gentrificatie, vaak met het Engelse woord gentrification aangeduid, is een term die gebruikt wordt om de opwaardering van een buurt of stadsdeel op sociaal, cultureel en economisch gebied aan te duiden. De herwaardering van het stadsdeel gaat gepaard met een stijging van de prijzen voor onroerend goed.",
        "search_description_en": "",
        "url_path_nl": "/thuis/definities/gentrificatie/",
        "seo_title_en": "",
        "slug_nl": "gentrificatie",
        "definition_en": "Gentrification is a trend in urban neighborhoods, which results in increased property values and the displacing of lower-income families and small businesses."
    },
    "model": "definitions.definitionpage",
    "pk": 13
},
{
    "fields": {
        "url_path_en": "/home/definitions/",
        "search_description_nl": "",
        "slug_en": "definitions",
        "seo_title_nl": "",
        "title_nl": "Definities",
        "title_en": "Definitions",
        "search_description_en": "",
        "url_path_nl": "/thuis/definities/",
        "seo_title_en": "",
        "slug_nl": "definities"
    },
    "model": "definitions.definitionindexpage",
    "pk": 4
},
{
    "fields": {
        "content_object": 10,
        "tag": 1
    },
    "model": "tags.howtopagetag",
    "pk": 4
},
{
    "fields": {
        "content_object": 10,
        "tag": 2
    },
    "model": "tags.howtopagetag",
    "pk": 5
},
{
    "fields": {
        "content_object": 10,
        "tag": 3
    },
    "model": "tags.howtopagetag",
    "pk": 6
},
{
    "fields": {
        "content_object": 12,
        "tag": 6
    },
    "model": "tags.eventpagetag",
    "pk": 1
},
{
    "fields": {
        "content_object": 12,
        "tag": 7
    },
    "model": "tags.eventpagetag",
    "pk": 2
},
{
    "fields": {
        "content_object": 14,
        "tag": 8
    },
    "model": "tags.theoryarticlepagetag",
    "pk": 1
},
{
    "fields": {
        "content_object": 14,
        "tag": 1
    },
    "model": "tags.theoryarticlepagetag",
    "pk": 2
},
{
    "fields": {
        "content_object": 14,
        "tag": 2
    },
    "model": "tags.theoryarticlepagetag",
    "pk": 3
},
{
    "fields": {
        "content_object": 15,
        "tag": 4
    },
    "model": "tags.storyarticlepagetag",
    "pk": 1
},
{
    "fields": {
        "content_object": 15,
        "tag": 7
    },
    "model": "tags.storyarticlepagetag",
    "pk": 2
},
{
    "fields": {
        "content_object": 16,
        "tag": 8
    },
    "model": "tags.reportarticlepagetag",
    "pk": 1
},
{
    "fields": {
        "content_object": 16,
        "tag": 9
    },
    "model": "tags.reportarticlepagetag",
    "pk": 2
},
{
    "fields": {
        "content_object": 11,
        "tag": 3
    },
    "model": "tags.organizationpagetag",
    "pk": 1
},
{
    "fields": {
        "content_object": 11,
        "tag": 4
    },
    "model": "tags.organizationpagetag",
    "pk": 2
},
{
    "fields": {
        "content_object": 11,
        "tag": 5
    },
    "model": "tags.organizationpagetag",
    "pk": 3
},
{
    "fields": {
        "group": [
            "Moderators"
        ],
        "page": 1,
        "permission_type": "add"
    },
    "model": "wagtailcore.grouppagepermission",
    "pk": 1
},
{
    "fields": {
        "group": [
            "Moderators"
        ],
        "page": 1,
        "permission_type": "edit"
    },
    "model": "wagtailcore.grouppagepermission",
    "pk": 2
},
{
    "fields": {
        "group": [
            "Moderators"
        ],
        "page": 1,
        "permission_type": "publish"
    },
    "model": "wagtailcore.grouppagepermission",
    "pk": 3
},
{
    "fields": {
        "group": [
            "Editors"
        ],
        "page": 1,
        "permission_type": "add"
    },
    "model": "wagtailcore.grouppagepermission",
    "pk": 4
},
{
    "fields": {
        "group": [
            "Editors"
        ],
        "page": 1,
        "permission_type": "edit"
    },
    "model": "wagtailcore.grouppagepermission",
    "pk": 5
},
{
    "fields": {
        "group": [
            "Moderators"
        ],
        "page": 1,
        "permission_type": "lock"
    },
    "model": "wagtailcore.grouppagepermission",
    "pk": 6
},
{
    "fields": {
        "locked": false,
        "title": "Root",
        "numchild": 1,
        "show_in_menus": false,
        "live": true,
        "seo_title": "",
        "latest_revision_created_at": null,
        "depth": 1,
        "first_published_at": null,
        "search_description": "",
        "content_type": [
            "wagtailcore",
            "page"
        ],
        "has_unpublished_changes": false,
        "owner": null,
        "path": "0001",
        "url_path": "/",
        "expired": false,
        "slug": "root",
        "expire_at": null,
        "go_live_at": null
    },
    "model": "wagtailcore.page",
    "pk": 1
},
{
    "fields": {
        "locked": false,
        "title": "Home",
        "numchild": 6,
        "show_in_menus": false,
        "live": true,
        "seo_title": "",
        "latest_revision_created_at": "2016-01-07T19:31:26.193Z",
        "depth": 2,
        "first_published_at": "2016-01-07T19:31:26.204Z",
        "search_description": "",
        "content_type": [
            "home",
            "homepage"
        ],
        "has_unpublished_changes": false,
        "owner": [
            "admin"
        ],
        "path": "00010002",
        "url_path": "/home/",
        "expired": false,
        "slug": "home",
        "expire_at": null,
        "go_live_at": null
    },
    "model": "wagtailcore.page",
    "pk": 3
},
{
    "fields": {
        "locked": false,
        "title": "Definitions",
        "numchild": 1,
        "show_in_menus": false,
        "live": true,
        "seo_title": "",
        "latest_revision_created_at": "2016-01-07T19:34:37.988Z",
        "depth": 3,
        "first_published_at": "2016-01-07T19:34:38.001Z",
        "search_description": "",
        "content_type": [
            "definitions",
            "definitionindexpage"
        ],
        "has_unpublished_changes": false,
        "owner": [
            "admin"
        ],
        "path": "000100020001",
        "url_path": "/home/definitions/",
        "expired": false,
        "slug": "definitions",
        "expire_at": null,
        "go_live_at": null
    },
    "model": "wagtailcore.page",
    "pk": 4
},
{
    "fields": {
        "locked": false,
        "title": "Events",
        "numchild": 1,
        "show_in_menus": false,
        "live": true,
        "seo_title": "",
        "latest_revision_created_at": "2016-01-07T19:34:48.767Z",
        "depth": 3,
        "first_published_at": "2016-01-07T19:34:48.778Z",
        "search_description": "",
        "content_type": [
            "events",
            "eventindexpage"
        ],
        "has_unpublished_changes": false,
        "owner": [
            "admin"
        ],
        "path": "000100020002",
        "url_path": "/home/events/",
        "expired": false,
        "slug": "events",
        "expire_at": null,
        "go_live_at": null
    },
    "model": "wagtailcore.page",
    "pk": 5
},
{
    "fields": {
        "locked": false,
        "title": "Organizations",
        "numchild": 1,
        "show_in_menus": false,
        "live": true,
        "seo_title": "",
        "latest_revision_created_at": "2016-01-07T19:35:02.124Z",
        "depth": 3,
        "first_published_at": "2016-01-07T19:35:02.136Z",
        "search_description": "",
        "content_type": [
            "organizations",
            "organizationindexpage"
        ],
        "has_unpublished_changes": false,
        "owner": [
            "admin"
        ],
        "path": "000100020003",
        "url_path": "/home/organizations/",
        "expired": false,
        "slug": "organizations",
        "expire_at": null,
        "go_live_at": null
    },
    "model": "wagtailcore.page",
    "pk": 6
},
{
    "fields": {
        "locked": false,
        "title": "Stories",
        "numchild": 1,
        "show_in_menus": false,
        "live": true,
        "seo_title": "",
        "latest_revision_created_at": "2016-01-07T19:35:13.528Z",
        "depth": 3,
        "first_published_at": "2016-01-07T19:35:13.540Z",
        "search_description": "",
        "content_type": [
            "articles",
            "storyarticleindexpage"
        ],
        "has_unpublished_changes": false,
        "owner": [
            "admin"
        ],
        "path": "000100020004",
        "url_path": "/home/stories/",
        "expired": false,
        "slug": "stories",
        "expire_at": null,
        "go_live_at": null
    },
    "model": "wagtailcore.page",
    "pk": 7
},
{
    "fields": {
        "locked": false,
        "title": "Theory",
        "numchild": 1,
        "show_in_menus": false,
        "live": true,
        "seo_title": "",
        "latest_revision_created_at": "2016-01-07T19:35:30.847Z",
        "depth": 3,
        "first_published_at": "2016-01-07T19:35:30.860Z",
        "search_description": "",
        "content_type": [
            "articles",
            "theoryarticleindexpage"
        ],
        "has_unpublished_changes": false,
        "owner": [
            "admin"
        ],
        "path": "000100020005",
        "url_path": "/home/theory/",
        "expired": false,
        "slug": "theory",
        "expire_at": null,
        "go_live_at": null
    },
    "model": "wagtailcore.page",
    "pk": 8
},
{
    "fields": {
        "locked": false,
        "title": "How to's",
        "numchild": 1,
        "show_in_menus": false,
        "live": true,
        "seo_title": "",
        "latest_revision_created_at": "2016-01-12T12:47:27.773Z",
        "depth": 3,
        "first_published_at": "2016-01-12T12:47:27.784Z",
        "search_description": "",
        "content_type": [
            "howtos",
            "howtoindexpage"
        ],
        "has_unpublished_changes": false,
        "owner": [
            "admin"
        ],
        "path": "000100020006",
        "url_path": "/home/how-to/",
        "expired": false,
        "slug": "how-to",
        "expire_at": null,
        "go_live_at": null
    },
    "model": "wagtailcore.page",
    "pk": 9
},
{
    "fields": {
        "locked": false,
        "title": "How to live together",
        "numchild": 0,
        "show_in_menus": false,
        "live": true,
        "seo_title": "",
        "latest_revision_created_at": "2016-01-12T13:00:06.731Z",
        "depth": 4,
        "first_published_at": "2016-01-12T12:50:20.795Z",
        "search_description": "",
        "content_type": [
            "howtos",
            "howtopage"
        ],
        "has_unpublished_changes": false,
        "owner": [
            "admin"
        ],
        "path": "0001000200060001",
        "url_path": "/home/how-to/how-live-together/",
        "expired": false,
        "slug": "how-live-together",
        "expire_at": null,
        "go_live_at": null
    },
    "model": "wagtailcore.page",
    "pk": 10
},
{
    "fields": {
        "locked": false,
        "title": "(Un)usual Business",
        "numchild": 0,
        "show_in_menus": false,
        "live": true,
        "seo_title": "",
        "latest_revision_created_at": "2016-01-12T12:52:12.089Z",
        "depth": 4,
        "first_published_at": "2016-01-12T12:52:12.105Z",
        "search_description": "",
        "content_type": [
            "organizations",
            "organizationpage"
        ],
        "has_unpublished_changes": false,
        "owner": [
            "admin"
        ],
        "path": "0001000200030001",
        "url_path": "/home/organizations/unusual-business/",
        "expired": false,
        "slug": "unusual-business",
        "expire_at": null,
        "go_live_at": null
    },
    "model": "wagtailcore.page",
    "pk": 11
},
{
    "fields": {
        "locked": false,
        "title": "How to live together",
        "numchild": 1,
        "show_in_menus": false,
        "live": true,
        "seo_title": "",
        "latest_revision_created_at": "2016-01-12T12:53:28.026Z",
        "depth": 4,
        "first_published_at": "2016-01-12T12:53:28.041Z",
        "search_description": "",
        "content_type": [
            "events",
            "eventpage"
        ],
        "has_unpublished_changes": false,
        "owner": [
            "admin"
        ],
        "path": "0001000200020001",
        "url_path": "/home/events/how-live-together/",
        "expired": false,
        "slug": "how-live-together",
        "expire_at": null,
        "go_live_at": null
    },
    "model": "wagtailcore.page",
    "pk": 12
},
{
    "fields": {
        "locked": false,
        "title": "Gentrification",
        "numchild": 0,
        "show_in_menus": false,
        "live": true,
        "seo_title": "",
        "latest_revision_created_at": "2016-01-12T12:54:43.260Z",
        "depth": 4,
        "first_published_at": "2016-01-12T12:54:43.272Z",
        "search_description": "",
        "content_type": [
            "definitions",
            "definitionpage"
        ],
        "has_unpublished_changes": false,
        "owner": [
            "admin"
        ],
        "path": "0001000200010001",
        "url_path": "/home/definitions/gentrification/",
        "expired": false,
        "slug": "gentrification",
        "expire_at": null,
        "go_live_at": null
    },
    "model": "wagtailcore.page",
    "pk": 13
},
{
    "fields": {
        "locked": false,
        "title": "General Relativity",
        "numchild": 0,
        "show_in_menus": false,
        "live": true,
        "seo_title": "",
        "latest_revision_created_at": "2016-01-12T12:56:31.991Z",
        "depth": 4,
        "first_published_at": "2016-01-12T12:56:32.008Z",
        "search_description": "",
        "content_type": [
            "articles",
            "theoryarticlepage"
        ],
        "has_unpublished_changes": false,
        "owner": [
            "admin"
        ],
        "path": "0001000200050001",
        "url_path": "/home/theory/general-relativity/",
        "expired": false,
        "slug": "general-relativity",
        "expire_at": null,
        "go_live_at": null
    },
    "model": "wagtailcore.page",
    "pk": 14
},
{
    "fields": {
        "locked": false,
        "title": "We tried to live together with eight people but failed",
        "numchild": 0,
        "show_in_menus": false,
        "live": true,
        "seo_title": "",
        "latest_revision_created_at": "2016-01-12T12:58:22.521Z",
        "depth": 4,
        "first_published_at": "2016-01-12T12:58:22.539Z",
        "search_description": "",
        "content_type": [
            "articles",
            "storyarticlepage"
        ],
        "has_unpublished_changes": false,
        "owner": [
            "admin"
        ],
        "path": "0001000200040001",
        "url_path": "/home/stories/we-tried-live-together-eight-people-failed/",
        "expired": false,
        "slug": "we-tried-live-together-eight-people-failed",
        "expire_at": null,
        "go_live_at": null
    },
    "model": "wagtailcore.page",
    "pk": 15
},
{
    "fields": {
        "locked": false,
        "title": "How to live together was a great event",
        "numchild": 0,
        "show_in_menus": false,
        "live": true,
        "seo_title": "",
        "latest_revision_created_at": "2016-01-12T12:59:22.016Z",
        "depth": 5,
        "first_published_at": "2016-01-12T12:59:22.032Z",
        "search_description": "",
        "content_type": [
            "articles",
            "reportarticlepage"
        ],
        "has_unpublished_changes": false,
        "owner": [
            "admin"
        ],
        "path": "00010002000200010001",
        "url_path": "/home/events/how-live-together/how-live-together-was-great-event/",
        "expired": false,
        "slug": "how-live-together-was-great-event",
        "expire_at": null,
        "go_live_at": null
    },
    "model": "wagtailcore.page",
    "pk": 16
}
]
